name,auther
感谢所有捐赠的书友！！！,http://mebook.cc/4827.html
《六韬 (中华经典名著全本全注全译丛书)》陈曦（作者）epub+mobi+azw3,http://mebook.cc/23301.html
《世界史纲:生物和人类的简明史》赫伯特·乔治·韦尔斯（作者）epub+mobi+azw3,http://mebook.cc/23295.html
《回到过去变成猫（精制多看版）》陈词懒调（作者）epub+mobi,http://mebook.cc/23291.html
《世界如锦心如梭（毕淑敏文化地理散文）》毕淑敏（作者）epub+mobi+azw3,http://mebook.cc/23299.html
《冷案重启2:逝者之证》樊落（作者）epub+mobi+azw3,http://mebook.cc/23289.html
《隐形人格：思维和行为背后的人格奥秘》海伦•麦格拉斯 等（作者）epub+mobi+azw3,http://mebook.cc/23293.html
《彼得•林奇教你理财》彼得·林奇（作者）epub+mobi+azw3,http://mebook.cc/23297.html
《贺铸词集 (词系列)》[北宋]贺铸（作者）epub+mobi+azw3,http://mebook.cc/23287.html
《跟老男孩学Linux运维：Shell编程实战 (Linux/Unix技术丛书)》老男孩（作者）epub+mobi+azw3,http://mebook.cc/23285.html
《山音（精制精排）》[日]川端康成（作者）epub+mobi,http://mebook.cc/23280.html
《茨维塔耶娃作品选（套装共2册）》[俄]玛丽娜•茨维塔耶娃（作者）epub+mobi+azw3,http://mebook.cc/23276.html
《天空的囚徒》[西]卡洛斯•鲁依斯•萨丰（作者）epub+mobi,http://mebook.cc/23272.html
《天变与日常:近代社会转型中的华北泰山信仰》李俊领（作者）epub+mobi+azw3,http://mebook.cc/23274.html
《福布斯理财课:中国人最简单有效的理财指南》钱琪（作者）epub+mobi+azw3,http://mebook.cc/23278.html
《异体：我的绯色天空（精制多看版）》风上忍（作者）epub+mobi,http://mebook.cc/23282.html
《姜夔词集 (词系列)》[南宋]姜夔（作者）epub+mobi+azw3,http://mebook.cc/23262.html
《真实世界的纸牌屋》[美]列伊博维奇（作者）epub+mobi+azw3,http://mebook.cc/23258.html
《在苍茫中传灯:一个投资者20年的知与行》姚斌（作者）epub+mobi+azw3,http://mebook.cc/23266.html
《天使游戏》[西]卡洛斯·鲁依斯·萨丰（作者）epub+mobi,http://mebook.cc/23268.html
《重来2：更为简单高效的远程工作方式》[美]贾森•弗里德&戴维•海涅迈尔•汉森（作者）epub+mobi+azw3,http://mebook.cc/23260.html
感谢所有捐赠的书友！！！,http://mebook.cc/4827.html
《六韬 (中华经典名著全本全注全译丛书)》陈曦（作者）epub+mobi+azw3,http://mebook.cc/23301.html
《世界史纲:生物和人类的简明史》赫伯特·乔治·韦尔斯（作者）epub+mobi+azw3,http://mebook.cc/23295.html
《回到过去变成猫（精制多看版）》陈词懒调（作者）epub+mobi,http://mebook.cc/23291.html
《世界如锦心如梭（毕淑敏文化地理散文）》毕淑敏（作者）epub+mobi+azw3,http://mebook.cc/23299.html
《冷案重启2:逝者之证》樊落（作者）epub+mobi+azw3,http://mebook.cc/23289.html
《隐形人格：思维和行为背后的人格奥秘》海伦•麦格拉斯 等（作者）epub+mobi+azw3,http://mebook.cc/23293.html
《彼得•林奇教你理财》彼得·林奇（作者）epub+mobi+azw3,http://mebook.cc/23297.html
《贺铸词集 (词系列)》[北宋]贺铸（作者）epub+mobi+azw3,http://mebook.cc/23287.html
《跟老男孩学Linux运维：Shell编程实战 (Linux/Unix技术丛书)》老男孩（作者）epub+mobi+azw3,http://mebook.cc/23285.html
《山音（精制精排）》[日]川端康成（作者）epub+mobi,http://mebook.cc/23280.html
